date,stock_ret,bond_ret
2016-01-31,0.1098545594490375,0.03882025314669625
2016-02-29,-0.0100838395748655,0.05945206663925318
2016-03-31,0.0439126858751693,0.10449217931749681
2016-04-30,-0.026033412637048,0.0072070920133382125
2016-05-31,-0.0534271339586761,-0.006780732507576951
2016-06-30,-0.0110952148157854,-0.010351283692062549
2016-07-31,0.0257253406037977,0.0011737131146437132
2016-08-31,0.0073535189234739,0.06031042194644485
2016-09-30,0.0292286532291517,0.039202889091881146
2016-10-31,-0.0117425233812378,0.05187212735670083
2016-11-30,0.0783141556486355,-0.004734847286901233
2016-12-31,0.0531578997358682,-0.024689922346508002
2017-01-31,-0.0485554258446483,0.08774704732689624
2017-02-28,-0.0772895944505517,0.11387453233549348
2017-03-31,0.0498133727192716,-0.023871865967247188
2017-04-30,0.0054173542553529,0.017645523024375814
2017-05-31,-0.0373997553680727,0.03943004471984832
2017-06-30,0.1065091856892017,0.01673168584506297
2017-07-31,-0.0095553751256114,0.015548799654331582
2017-08-31,-0.0895460557545062,0.02931174706364506
2017-09-30,0.0849071795926943,-0.022477510208980298
2017-10-31,0.0209219571308307,-0.06123929995116895
2017-11-30,0.0204554124357297,0.037825001022027634
2017-12-31,0.0725504999885326,0.0971135214454597
2018-01-31,-0.0336479934661434,0.054411986179554485
2018-02-28,0.0165884540322794,0.010858018676175406
2018-03-31,-0.0361312664273483,0.007016657529488925
2018-04-30,0.1109919071356451,0.010990264868608685
2018-05-31,-0.0926631623655201,-0.015706587983431983
2018-06-30,0.0252237161385905,0.01771730788156939
2018-07-31,-0.0167923242463536,0.07990019735054488
2018-08-31,-0.1523079208718946,0.0773081066457872
2018-09-30,0.013336088596667,0.03782931862979935
2018-10-31,-0.0029237303859215,-0.01958322534006402
2018-11-30,0.0205598150489792,-0.030235278805572162
2018-12-31,0.0655677122257459,-0.08544775932536802
2019-01-31,-0.0218027382852671,-0.03745808345566092
2019-02-28,-0.0241820286610486,-0.029193569460165797
2019-03-31,0.018228040768545,-0.06842439761541744
2019-04-30,-0.1121055010323283,0.034627661400067726
2019-05-31,0.0097123485625025,0.039663356321898366
2019-06-30,0.1101240585061959,0.027926501824954576
2019-07-31,-0.0005566712052921,0.03904629154238964
2019-08-31,0.0030274333337919,0.015205311654746137
2019-09-30,0.0555201785946569,-0.00862400411690626
2019-10-31,0.1318332027127948,0.024888507073717456
2019-11-30,0.0439037833729977,0.05219219253632057
2019-12-31,0.0097603002645499,0.05850609642415445
2020-01-31,0.0241349932099757,-0.01600689581250725
2020-02-29,0.0623646220388653,0.1316733495431538
2020-03-31,0.0276951883055921,0.04640046948228864
2020-04-30,-0.0204603725232103,0.03082178877729052
2020-05-31,0.0224273146306339,0.0735485099292593
2020-06-30,0.0610825946772227,0.010457236697572508
2020-07-31,0.025584670997673,0.12750204583607452
2020-08-31,-0.0187001734336724,0.023420107285279615
2020-09-30,0.0293369139532733,0.1562021837775746
2020-10-31,-0.030951887647472,0.1230817980335536
2020-11-30,0.0057775137147292,0.06096800812169374
2020-12-31,0.0002875194878051,-0.003423186368937307
2021-01-31,-0.0026798505192119,-0.006938783195112737
2021-02-28,0.0559306012981542,0.018873946678969092
2021-03-31,0.0028101504801342,0.009478711199059325
2021-04-30,-0.0145690750398143,0.025963351083555738
2021-05-31,-0.0035398663043292,0.1074133826940807
2021-06-30,0.0304895520694215,-0.009239210440831997
2021-07-31,0.0192100166720948,0.007825715438982936
2021-08-31,0.0396762638401364,0.008699166891322548
2021-09-30,-0.01424829140279,0.03220871489488193
2021-10-31,-0.0063140609115473,0.019582874880524567
2021-11-30,0.0391483809126881,0.029291011745565768
2021-12-31,-0.0101978399173663,0.04299005991871737
2022-01-31,0.0244281045762572,0.01278652805190957
2022-02-28,-0.0186160975391663,-0.012617042639861522
2022-03-31,-0.0741509124440542,-0.000597783048803461
2022-04-30,0.0465125712743588,0.0025635227360474378
2022-05-31,-0.1082724891527273,-0.033700288809167325
2022-06-30,-0.0425579430835923,0.05316977655194632
2022-07-31,0.0177794160750885,0.07756032122066772
2022-08-31,0.06635625421062,-0.014723350911481355
2022-09-30,0.0890458574528583,0.024419551666675136
2022-10-31,0.0163744357630461,0.003119800038225402
2022-11-30,0.0254213449402786,0.026957953785355104
2022-12-31,-0.0432667710167141,0.0011055587959963391
2023-01-31,0.0277617137622277,-0.02856856711388337
2023-02-28,-0.0207784603866363,-0.01957245446507467
2023-03-31,0.0571587659460488,-0.010399255714956208
2023-04-30,0.0188376192442652,-0.054994160899331734
2023-05-31,0.0125894570543984,-0.01526293946630292
2023-06-30,0.0623270108549442,0.011416771423853606
2023-07-31,-0.001540043371421,0.055229205879529335
2023-08-31,0.0077734700439636,0.05419035512351951
2023-09-30,-0.0164937453257512,0.005481990198673007
2023-10-31,-0.0454499427395941,0.06187830066393575
2023-11-30,0.098047135005326,0.05559577046142442
2023-12-31,-0.0192947380549134,-0.047322298801839545
